<metadata xml:lang="en"><Esri><CreaDate>20120305</CreaDate><CreaTime>12244000</CreaTime><ArcGISFormat>1.0</ArcGISFormat><ArcGISstyle>FGDC CSDGM Metadata</ArcGISstyle><SyncOnce>FALSE</SyncOnce><DataProperties><itemProps><itemName Sync="TRUE">CEN2010_BG_SF1_HH_SIZE_FAM</itemName><imsContentType Sync="TRUE">002</imsContentType><itemLocation><linkage Sync="TRUE">file://\\ANF-ITD-957731\C$\Users\mtrust\Downloads\SF1_TABLES_MGIS_DBASE\CEN2010_BG_SF1_HH_SIZE_FAM.dbf</linkage><protocol Sync="TRUE">Local Area Network</protocol></itemLocation><itemSize Sync="TRUE">2.021</itemSize></itemProps><lineage/></DataProperties><SyncDate>20120822</SyncDate><SyncTime>12151700</SyncTime><ModDate>20120822</ModDate><ModTime>12151700</ModTime><ArcGISProfile>FGDC</ArcGISProfile></Esri><dataIdInfo><envirDesc Sync="TRUE">Microsoft Windows 7 Version 6.1 (Build 7601) Service Pack 1; ESRI ArcGIS 10.0.4.4000</envirDesc><dataLang><languageCode value="eng" Sync="TRUE" country="USA"/><countryCode value="USA" Sync="TRUE"/></dataLang><idCitation xmlns=""><resTitle Sync="FALSE">Census 2010 Summary File 1 (SF1) Table - Households Size by Family (Block Groups)</resTitle><presForm xmlns=""><PresFormCd value="011" Sync="TRUE"/><fgdcGeoform>tabular digital data</fgdcGeoform></presForm><citRespParty xmlns=""><rpIndName>Daniel Marrier</rpIndName><rpOrgName>MassGIS</rpOrgName><rpCntInfo xmlns=""><cntAddress addressType="both"><delPoint>One Ashburton Place, Room 1601</delPoint><city>Boston</city><adminArea>MA</adminArea><postCode>02108</postCode><eMailAdd>daniel.marrier@state.ma.us</eMailAdd><country>USA</country></cntAddress><cntPhone><voiceNum tddtty="">(617) 626-4537</voiceNum></cntPhone></rpCntInfo><role><RoleCd value="009"/></role></citRespParty></idCitation><spatRpType><SpatRepTypCd value="003" Sync="TRUE"></SpatRepTypCd></spatRpType><idPurp>Analysis</idPurp><idCredit>U.S. Census Bureau, MassGIS</idCredit><searchKeys><keyword>Census 2010 Summary File 1 (SF1) Table - Households Size by Family (Block Groups)</keyword></searchKeys><resConst xmlns=""><Consts xmlns=""><useLimit>None</useLimit></Consts></resConst><dataChar><CharSetCd value="004"/></dataChar><resMaint xmlns=""><maintFreq><MaintFreqCd value="011"/></maintFreq></resMaint><suppInfo>Fields are renamed by MassGIS and represent a subset of the full Census 2010 SF1 data. Use with Census 2010 Block Group geography. If using with MassGIS Data, the LOGRECNO in this table joins to the LOGSF1 field in the CENSUS2010BLOCKGROUPS_POLY feature class.</suppInfo><idAbs>&lt;DIV STYLE="text-align:Left;"&gt;&lt;DIV&gt;&lt;DIV&gt;&lt;P&gt;&lt;SPAN&gt;Fields are renamed by MassGIS and represent a subset of the full Census 2010 SF1 data. Use with Census 2010 Block Group geography. If using with MassGIS Data, the LOGRECNO in this table joins to the LOGSF1 field in the CENSUS2010BLOCKGROUPS_POLY feature class.&lt;/SPAN&gt;&lt;/P&gt;&lt;/DIV&gt;&lt;/DIV&gt;&lt;/DIV&gt;</idAbs><tpCat><TopicCatCd value="016"/></tpCat><descKeys><thesaName uuidref="723f6998-058e-11dc-8314-0800200c9a66"></thesaName><keyword Sync="TRUE">002</keyword></descKeys></dataIdInfo><mdLang><languageCode value="eng" Sync="TRUE"/><countryCode value="USA" Sync="TRUE"/></mdLang><mdChar><CharSetCd value="004" Sync="TRUE"/></mdChar><distInfo><distFormat><formatName Sync="TRUE">dBASE Table</formatName></distFormat><distTranOps><transSize Sync="TRUE">2.021</transSize></distTranOps></distInfo><mdHrLv><ScopeCd value="007" Sync="TRUE"/></mdHrLv><mdHrLvName Sync="TRUE">dataset</mdHrLvName><eainfo><detailed Name="CEN2010_BG_SF1_HH_SIZE_FAM" xmlns=""><enttyp><enttypl Sync="TRUE">CEN2010_BG_SF1_HH_SIZE_FAM</enttypl><enttypt Sync="TRUE">Table</enttypt><enttypc Sync="TRUE">4985</enttypc><enttypd>See http://www.mass.gov/mgis/census2010.htm for details</enttypd><enttypds>Fields are renamed by MassGIS and represent a subset of the full Census 2010 SF1 data</enttypds></enttyp><attr><attrlabl Sync="TRUE">OID</attrlabl><attalias Sync="TRUE">OID</attalias><attrtype Sync="TRUE">OID</attrtype><attwidth Sync="TRUE">4</attwidth><atprecis Sync="TRUE">0</atprecis><attscale Sync="TRUE">0</attscale><attrdef Sync="TRUE">Internal feature number.</attrdef><attrdefs Sync="TRUE">ESRI</attrdefs><attrdomv><udom Sync="TRUE">Sequential unique whole numbers that are automatically generated.</udom></attrdomv></attr><attr xmlns=""><attrlabl Sync="TRUE">LOGRECNO</attrlabl><attalias Sync="TRUE">LOGRECNO</attalias><attrtype Sync="TRUE">Double</attrtype><attwidth Sync="TRUE">10</attwidth><atprecis Sync="TRUE">10</atprecis><attscale Sync="TRUE">0</attscale></attr><attr xmlns=""><attrlabl Sync="TRUE">GEOID10</attrlabl><attalias Sync="TRUE">GEOID10</attalias><attrtype Sync="TRUE">String</attrtype><attwidth Sync="TRUE">254</attwidth><atprecis Sync="TRUE">0</atprecis><attscale Sync="TRUE">0</attscale></attr><attr><attrlabl Sync="TRUE">TOT_HSHLD</attrlabl><attalias Sync="TRUE">TOT_HSHLD</attalias><attrtype Sync="TRUE">Double</attrtype><attwidth Sync="TRUE">10</attwidth><atprecis Sync="TRUE">10</atprecis><attscale Sync="TRUE">0</attscale></attr><attr><attrlabl Sync="TRUE">FAM_HSHLD</attrlabl><attalias Sync="TRUE">FAM_HSHLD</attalias><attrtype Sync="TRUE">Double</attrtype><attwidth Sync="TRUE">10</attwidth><atprecis Sync="TRUE">10</atprecis><attscale Sync="TRUE">0</attscale></attr><attr><attrlabl Sync="TRUE">F_HSHLD_2</attrlabl><attalias Sync="TRUE">F_HSHLD_2</attalias><attrtype Sync="TRUE">Double</attrtype><attwidth Sync="TRUE">10</attwidth><atprecis Sync="TRUE">10</atprecis><attscale Sync="TRUE">0</attscale></attr><attr><attrlabl Sync="TRUE">F_HSHLD_3</attrlabl><attalias Sync="TRUE">F_HSHLD_3</attalias><attrtype Sync="TRUE">Double</attrtype><attwidth Sync="TRUE">10</attwidth><atprecis Sync="TRUE">10</atprecis><attscale Sync="TRUE">0</attscale></attr><attr><attrlabl Sync="TRUE">F_HSHLD_4</attrlabl><attalias Sync="TRUE">F_HSHLD_4</attalias><attrtype Sync="TRUE">Double</attrtype><attwidth Sync="TRUE">10</attwidth><atprecis Sync="TRUE">10</atprecis><attscale Sync="TRUE">0</attscale></attr><attr><attrlabl Sync="TRUE">F_HSHLD_5</attrlabl><attalias Sync="TRUE">F_HSHLD_5</attalias><attrtype Sync="TRUE">Double</attrtype><attwidth Sync="TRUE">10</attwidth><atprecis Sync="TRUE">10</atprecis><attscale Sync="TRUE">0</attscale></attr><attr><attrlabl Sync="TRUE">F_HSHLD_6</attrlabl><attalias Sync="TRUE">F_HSHLD_6</attalias><attrtype Sync="TRUE">Double</attrtype><attwidth Sync="TRUE">10</attwidth><atprecis Sync="TRUE">10</atprecis><attscale Sync="TRUE">0</attscale></attr><attr><attrlabl Sync="TRUE">F_HSHLD_7</attrlabl><attalias Sync="TRUE">F_HSHLD_7</attalias><attrtype Sync="TRUE">Double</attrtype><attwidth Sync="TRUE">10</attwidth><atprecis Sync="TRUE">10</atprecis><attscale Sync="TRUE">0</attscale></attr><attr><attrlabl Sync="TRUE">NFAM_HSHLD</attrlabl><attalias Sync="TRUE">NFAM_HSHLD</attalias><attrtype Sync="TRUE">Double</attrtype><attwidth Sync="TRUE">10</attwidth><atprecis Sync="TRUE">10</atprecis><attscale Sync="TRUE">0</attscale></attr><attr><attrlabl Sync="TRUE">NF_HSHLD_1</attrlabl><attalias Sync="TRUE">NF_HSHLD_1</attalias><attrtype Sync="TRUE">Double</attrtype><attwidth Sync="TRUE">10</attwidth><atprecis Sync="TRUE">10</atprecis><attscale Sync="TRUE">0</attscale></attr><attr><attrlabl Sync="TRUE">NF_HSHLD_2</attrlabl><attalias Sync="TRUE">NF_HSHLD_2</attalias><attrtype Sync="TRUE">Double</attrtype><attwidth Sync="TRUE">10</attwidth><atprecis Sync="TRUE">10</atprecis><attscale Sync="TRUE">0</attscale></attr><attr><attrlabl Sync="TRUE">NF_HSHLD_3</attrlabl><attalias Sync="TRUE">NF_HSHLD_3</attalias><attrtype Sync="TRUE">Double</attrtype><attwidth Sync="TRUE">10</attwidth><atprecis Sync="TRUE">10</atprecis><attscale Sync="TRUE">0</attscale></attr><attr><attrlabl Sync="TRUE">NF_HSHLD_4</attrlabl><attalias Sync="TRUE">NF_HSHLD_4</attalias><attrtype Sync="TRUE">Double</attrtype><attwidth Sync="TRUE">10</attwidth><atprecis Sync="TRUE">10</atprecis><attscale Sync="TRUE">0</attscale></attr><attr><attrlabl Sync="TRUE">NF_HSHLD_5</attrlabl><attalias Sync="TRUE">NF_HSHLD_5</attalias><attrtype Sync="TRUE">Double</attrtype><attwidth Sync="TRUE">10</attwidth><atprecis Sync="TRUE">10</atprecis><attscale Sync="TRUE">0</attscale></attr><attr><attrlabl Sync="TRUE">NF_HSHLD_6</attrlabl><attalias Sync="TRUE">NF_HSHLD_6</attalias><attrtype Sync="TRUE">Double</attrtype><attwidth Sync="TRUE">10</attwidth><atprecis Sync="TRUE">10</atprecis><attscale Sync="TRUE">0</attscale></attr><attr><attrlabl Sync="TRUE">NF_HSHLD_7</attrlabl><attalias Sync="TRUE">NF_HSHLD_7</attalias><attrtype Sync="TRUE">Double</attrtype><attwidth Sync="TRUE">10</attwidth><atprecis Sync="TRUE">10</atprecis><attscale Sync="TRUE">0</attscale></attr></detailed></eainfo><mdDateSt Sync="TRUE">20120822</mdDateSt><mdConst xmlns=""><Consts xmlns=""><useLimit>None</useLimit></Consts><Consts xmlns=""><useLimit>Fields are renamed by MassGIS and represent a subset of the full Census 2010 SF1 data. Use with Census 2010 Block Group geography. If using with MassGIS Data, the LOGRECNO in this table joins to the LOGSF1 field in the CENSUS2010BLOCKGROUPS_POLY feature class.</useLimit></Consts></mdConst><idinfo><citation><citeinfo><title>Census 2010 Sumarry File 1 (SF1) Table - Households Size by Family (Blocks)</title></citeinfo></citation><ptcontac><cntinfo><cntperp><cntper>Daniel Marrier</cntper><cntorg>MassGIS</cntorg></cntperp><cntaddr><addrtype>mailing and physical address</addrtype><address>One Ashburton Place, Room 1601</address><city>Boston</city><state>MA</state><postal>02108</postal><country>USA</country></cntaddr><cntvoice>(617) 626-4537</cntvoice><cntemail>daniel.marrier@state.ma.us</cntemail></cntinfo></ptcontac><descript><purpose>Analysis</purpose><abstract>Fields are renamed by MassGIS and represent a subset of the full Census 2010 SF1 data. Use with Census 2010 Block geography. If using with MassGIS Data, the LOGRECNO in this table joins to the LOGSF1 field in the CENSUS2010BLOCKS_POLY feature class.</abstract></descript><accconst>None</accconst><useconst>None.</useconst><status><progress>Complete</progress><update>None planned</update></status><datacred>U.S. Census Bureau, MassGIS</datacred></idinfo><metainfo><metextns><onlink>http://www.mass.gov/mgis/census2010.htm</onlink><metprof>MassGIS Web documentation</metprof></metextns></metainfo></metadata>
