<metadata xml:lang="en"><Esri><CreaDate>20120305</CreaDate><CreaTime>12244000</CreaTime><ArcGISFormat>1.0</ArcGISFormat><ArcGISstyle>FGDC CSDGM Metadata</ArcGISstyle><SyncOnce>FALSE</SyncOnce><DataProperties><itemProps><itemName Sync="TRUE">CEN2010_CT_SF1_POP_AGE_GENDER</itemName><imsContentType Sync="TRUE">002</imsContentType><itemLocation><linkage Sync="TRUE">file://\\ANF-ITD-957731\C$\Users\mtrust\Downloads\SF1_TABLES_MGIS_DBASE\CEN2010_CT_SF1_POP_AGE_GENDER.dbf</linkage><protocol Sync="TRUE">Local Area Network</protocol></itemLocation><itemSize Sync="TRUE">2.702</itemSize></itemProps><lineage/></DataProperties><SyncDate>20120822</SyncDate><SyncTime>12170700</SyncTime><ModDate>20120822</ModDate><ModTime>12170700</ModTime><ArcGISProfile>FGDC</ArcGISProfile></Esri><dataIdInfo><envirDesc Sync="TRUE">Microsoft Windows 7 Version 6.1 (Build 7601) Service Pack 1; ESRI ArcGIS 10.0.4.4000</envirDesc><dataLang><languageCode value="eng" Sync="TRUE" country="USA"/><countryCode value="USA" Sync="TRUE"/></dataLang><idCitation xmlns=""><resTitle Sync="FALSE">Census 2010 Summary File 1 (SF1) Table - Population by Age and Gender (Tracts)</resTitle><presForm xmlns=""><PresFormCd value="011" Sync="TRUE"/><fgdcGeoform>tabular digital data</fgdcGeoform></presForm><citRespParty xmlns=""><rpIndName>Daniel Marrier</rpIndName><rpOrgName>MassGIS</rpOrgName><rpCntInfo xmlns=""><cntAddress addressType="both"><delPoint>One Ashburton Place, Room 1601</delPoint><city>Boston</city><adminArea>MA</adminArea><postCode>02108</postCode><eMailAdd>daniel.marrier@state.ma.us</eMailAdd><country>USA</country></cntAddress><cntPhone><voiceNum tddtty="">(617) 626-4537</voiceNum></cntPhone></rpCntInfo><role><RoleCd value="009"/></role></citRespParty></idCitation><spatRpType><SpatRepTypCd value="003" Sync="TRUE"></SpatRepTypCd></spatRpType><idPurp>Analysis</idPurp><idCredit>U.S. Census Bureau, MassGIS</idCredit><searchKeys><keyword>Census 2010 Summary File 1 (SF1) Table - Population by Age and Gender (Tracts)</keyword></searchKeys><resConst xmlns=""><Consts xmlns=""><useLimit>&lt;DIV STYLE="text-align:Left;"&gt;&lt;DIV&gt;&lt;P&gt;&lt;SPAN&gt;None&lt;/SPAN&gt;&lt;/P&gt;&lt;/DIV&gt;&lt;/DIV&gt;</useLimit></Consts></resConst><dataChar><CharSetCd value="004"/></dataChar><resMaint xmlns=""><maintFreq><MaintFreqCd value="011"/></maintFreq></resMaint><suppInfo>Fields are renamed by MassGIS and represent a subset of the full Census 2010 SF1 data. Use with Census 2010 Tract geography. If using with MassGIS Data, the LOGRECNO in this table joins to the LOGSF1 field in the CENSUS2010TRACTS_POLY feature class.</suppInfo><idAbs>&lt;DIV STYLE="text-align:Left;"&gt;&lt;DIV&gt;&lt;DIV&gt;&lt;P&gt;&lt;SPAN&gt;Fields are renamed by MassGIS and represent a subset of the full Census 2010 SF1 data. Use with Census 2010 Tract geography. If using with MassGIS Data, the LOGRECNO in this table joins to the LOGSF1 field in the CENSUS2010TRACTS_POLY feature class.&lt;/SPAN&gt;&lt;/P&gt;&lt;P&gt;&lt;SPAN&gt;NOTE: This table was re-posted on the MassGIS web site on 8/22/2012 to correct the values in the fields “POP_TOTAL”, “POP_MALE”, and “POP_FEM”. Originally, these fields contained the counts for only those under the age of 20 instead of the true total population counts.&lt;/SPAN&gt;&lt;/P&gt;&lt;/DIV&gt;&lt;/DIV&gt;&lt;/DIV&gt;</idAbs><descKeys><thesaName uuidref="723f6998-058e-11dc-8314-0800200c9a66"/><keyword Sync="TRUE">002</keyword></descKeys><dataExt><geoEle><GeoBndBox esriExtentType="search"/></geoEle></dataExt><tpCat><TopicCatCd value="016"/></tpCat></dataIdInfo><mdLang><languageCode value="eng" Sync="TRUE"/><countryCode value="USA" Sync="TRUE"/></mdLang><mdChar><CharSetCd value="004" Sync="TRUE"/></mdChar><distInfo><distFormat><formatName Sync="TRUE">dBASE Table</formatName></distFormat><distTranOps><transSize Sync="TRUE">2.702</transSize></distTranOps></distInfo><mdHrLv><ScopeCd value="007" Sync="TRUE"/></mdHrLv><mdHrLvName Sync="TRUE">dataset</mdHrLvName><eainfo><detailed Name="CEN2010_CT_SF1_POP_AGE_GENDER" xmlns=""><enttyp><enttypl Sync="TRUE">CEN2010_CT_SF1_POP_AGE_GENDER</enttypl><enttypt Sync="TRUE">Table</enttypt><enttypc Sync="TRUE">1478</enttypc><enttypd>See http://www.mass.gov/mgis/census2010.htm for details</enttypd><enttypds>Fields are renamed by MassGIS and represent a subset of the full Census 2010 SF1 data</enttypds></enttyp><attr><attrlabl Sync="TRUE">OID</attrlabl><attalias Sync="TRUE">OID</attalias><attrtype Sync="TRUE">OID</attrtype><attwidth Sync="TRUE">4</attwidth><atprecis Sync="TRUE">0</atprecis><attscale Sync="TRUE">0</attscale><attrdef Sync="TRUE">Internal feature number.</attrdef><attrdefs Sync="TRUE">ESRI</attrdefs><attrdomv><udom Sync="TRUE">Sequential unique whole numbers that are automatically generated.</udom></attrdomv></attr><attr xmlns=""><attrlabl Sync="TRUE">LOGRECNO</attrlabl><attalias Sync="TRUE">LOGRECNO</attalias><attrtype Sync="TRUE">Double</attrtype><attwidth Sync="TRUE">20</attwidth><atprecis Sync="TRUE">19</atprecis><attscale Sync="TRUE">5</attscale></attr><attr xmlns=""><attrlabl Sync="TRUE">GEOID10</attrlabl><attalias Sync="TRUE">GEOID10</attalias><attrtype Sync="TRUE">String</attrtype><attwidth Sync="TRUE">254</attwidth><atprecis Sync="TRUE">0</atprecis><attscale Sync="TRUE">0</attscale></attr><attr><attrlabl Sync="TRUE">POP_TOTAL</attrlabl><attalias Sync="TRUE">POP_TOTAL</attalias><attrtype Sync="TRUE">Double</attrtype><attwidth Sync="TRUE">20</attwidth><atprecis Sync="TRUE">19</atprecis><attscale Sync="TRUE">5</attscale></attr><attr><attrlabl Sync="TRUE">MED_AGE_T</attrlabl><attalias Sync="TRUE">MED_AGE_T</attalias><attrtype Sync="TRUE">Double</attrtype><attwidth Sync="TRUE">20</attwidth><atprecis Sync="TRUE">19</atprecis><attscale Sync="TRUE">5</attscale></attr><attr><attrlabl Sync="TRUE">POP_MALE</attrlabl><attalias Sync="TRUE">POP_MALE</attalias><attrtype Sync="TRUE">Double</attrtype><attwidth Sync="TRUE">20</attwidth><atprecis Sync="TRUE">19</atprecis><attscale Sync="TRUE">5</attscale></attr><attr><attrlabl Sync="TRUE">MED_AGE_M</attrlabl><attalias Sync="TRUE">MED_AGE_M</attalias><attrtype Sync="TRUE">Double</attrtype><attwidth Sync="TRUE">20</attwidth><atprecis Sync="TRUE">19</atprecis><attscale Sync="TRUE">5</attscale></attr><attr><attrlabl Sync="TRUE">POP_FEM</attrlabl><attalias Sync="TRUE">POP_FEM</attalias><attrtype Sync="TRUE">Double</attrtype><attwidth Sync="TRUE">20</attwidth><atprecis Sync="TRUE">19</atprecis><attscale Sync="TRUE">5</attscale></attr><attr><attrlabl Sync="TRUE">MED_AGE_F</attrlabl><attalias Sync="TRUE">MED_AGE_F</attalias><attrtype Sync="TRUE">Double</attrtype><attwidth Sync="TRUE">20</attwidth><atprecis Sync="TRUE">19</atprecis><attscale Sync="TRUE">5</attscale></attr><attr><attrlabl Sync="TRUE">MPOP_LT1</attrlabl><attalias Sync="TRUE">MPOP_LT1</attalias><attrtype Sync="TRUE">Double</attrtype><attwidth Sync="TRUE">20</attwidth><atprecis Sync="TRUE">19</atprecis><attscale Sync="TRUE">5</attscale></attr><attr><attrlabl Sync="TRUE">MPOP_1</attrlabl><attalias Sync="TRUE">MPOP_1</attalias><attrtype Sync="TRUE">Double</attrtype><attwidth Sync="TRUE">20</attwidth><atprecis Sync="TRUE">19</atprecis><attscale Sync="TRUE">5</attscale></attr><attr><attrlabl Sync="TRUE">MPOP_2</attrlabl><attalias Sync="TRUE">MPOP_2</attalias><attrtype Sync="TRUE">Double</attrtype><attwidth Sync="TRUE">20</attwidth><atprecis Sync="TRUE">19</atprecis><attscale Sync="TRUE">5</attscale></attr><attr><attrlabl Sync="TRUE">MPOP_3</attrlabl><attalias Sync="TRUE">MPOP_3</attalias><attrtype Sync="TRUE">Double</attrtype><attwidth Sync="TRUE">20</attwidth><atprecis Sync="TRUE">19</atprecis><attscale Sync="TRUE">5</attscale></attr><attr><attrlabl Sync="TRUE">MPOP_4</attrlabl><attalias Sync="TRUE">MPOP_4</attalias><attrtype Sync="TRUE">Double</attrtype><attwidth Sync="TRUE">20</attwidth><atprecis Sync="TRUE">19</atprecis><attscale Sync="TRUE">5</attscale></attr><attr><attrlabl Sync="TRUE">MPOP_5</attrlabl><attalias Sync="TRUE">MPOP_5</attalias><attrtype Sync="TRUE">Double</attrtype><attwidth Sync="TRUE">20</attwidth><atprecis Sync="TRUE">19</atprecis><attscale Sync="TRUE">5</attscale></attr><attr><attrlabl Sync="TRUE">MPOP_6</attrlabl><attalias Sync="TRUE">MPOP_6</attalias><attrtype Sync="TRUE">Double</attrtype><attwidth Sync="TRUE">20</attwidth><atprecis Sync="TRUE">19</atprecis><attscale Sync="TRUE">5</attscale></attr><attr><attrlabl Sync="TRUE">MPOP_7</attrlabl><attalias Sync="TRUE">MPOP_7</attalias><attrtype Sync="TRUE">Double</attrtype><attwidth Sync="TRUE">20</attwidth><atprecis Sync="TRUE">19</atprecis><attscale Sync="TRUE">5</attscale></attr><attr><attrlabl Sync="TRUE">MPOP_8</attrlabl><attalias Sync="TRUE">MPOP_8</attalias><attrtype Sync="TRUE">Double</attrtype><attwidth Sync="TRUE">20</attwidth><atprecis Sync="TRUE">19</atprecis><attscale Sync="TRUE">5</attscale></attr><attr><attrlabl Sync="TRUE">MPOP_9</attrlabl><attalias Sync="TRUE">MPOP_9</attalias><attrtype Sync="TRUE">Double</attrtype><attwidth Sync="TRUE">20</attwidth><atprecis Sync="TRUE">19</atprecis><attscale Sync="TRUE">5</attscale></attr><attr><attrlabl Sync="TRUE">MPOP_10</attrlabl><attalias Sync="TRUE">MPOP_10</attalias><attrtype Sync="TRUE">Double</attrtype><attwidth Sync="TRUE">20</attwidth><atprecis Sync="TRUE">19</atprecis><attscale Sync="TRUE">5</attscale></attr><attr><attrlabl Sync="TRUE">MPOP_11</attrlabl><attalias Sync="TRUE">MPOP_11</attalias><attrtype Sync="TRUE">Double</attrtype><attwidth Sync="TRUE">20</attwidth><atprecis Sync="TRUE">19</atprecis><attscale Sync="TRUE">5</attscale></attr><attr><attrlabl Sync="TRUE">MPOP_12</attrlabl><attalias Sync="TRUE">MPOP_12</attalias><attrtype Sync="TRUE">Double</attrtype><attwidth Sync="TRUE">20</attwidth><atprecis Sync="TRUE">19</atprecis><attscale Sync="TRUE">5</attscale></attr><attr><attrlabl Sync="TRUE">MPOP_13</attrlabl><attalias Sync="TRUE">MPOP_13</attalias><attrtype Sync="TRUE">Double</attrtype><attwidth Sync="TRUE">20</attwidth><atprecis Sync="TRUE">19</atprecis><attscale Sync="TRUE">5</attscale></attr><attr><attrlabl Sync="TRUE">MPOP_14</attrlabl><attalias Sync="TRUE">MPOP_14</attalias><attrtype Sync="TRUE">Double</attrtype><attwidth Sync="TRUE">20</attwidth><atprecis Sync="TRUE">19</atprecis><attscale Sync="TRUE">5</attscale></attr><attr><attrlabl Sync="TRUE">MPOP_15</attrlabl><attalias Sync="TRUE">MPOP_15</attalias><attrtype Sync="TRUE">Double</attrtype><attwidth Sync="TRUE">20</attwidth><atprecis Sync="TRUE">19</atprecis><attscale Sync="TRUE">5</attscale></attr><attr><attrlabl Sync="TRUE">MPOP_16</attrlabl><attalias Sync="TRUE">MPOP_16</attalias><attrtype Sync="TRUE">Double</attrtype><attwidth Sync="TRUE">20</attwidth><atprecis Sync="TRUE">19</atprecis><attscale Sync="TRUE">5</attscale></attr><attr><attrlabl Sync="TRUE">MPOP_17</attrlabl><attalias Sync="TRUE">MPOP_17</attalias><attrtype Sync="TRUE">Double</attrtype><attwidth Sync="TRUE">20</attwidth><atprecis Sync="TRUE">19</atprecis><attscale Sync="TRUE">5</attscale></attr><attr><attrlabl Sync="TRUE">MPOP_18</attrlabl><attalias Sync="TRUE">MPOP_18</attalias><attrtype Sync="TRUE">Double</attrtype><attwidth Sync="TRUE">20</attwidth><atprecis Sync="TRUE">19</atprecis><attscale Sync="TRUE">5</attscale></attr><attr><attrlabl Sync="TRUE">MPOP_19</attrlabl><attalias Sync="TRUE">MPOP_19</attalias><attrtype Sync="TRUE">Double</attrtype><attwidth Sync="TRUE">20</attwidth><atprecis Sync="TRUE">19</atprecis><attscale Sync="TRUE">5</attscale></attr><attr><attrlabl Sync="TRUE">MPOP_20</attrlabl><attalias Sync="TRUE">MPOP_20</attalias><attrtype Sync="TRUE">Double</attrtype><attwidth Sync="TRUE">20</attwidth><atprecis Sync="TRUE">19</atprecis><attscale Sync="TRUE">5</attscale></attr><attr><attrlabl Sync="TRUE">MPOP_21</attrlabl><attalias Sync="TRUE">MPOP_21</attalias><attrtype Sync="TRUE">Double</attrtype><attwidth Sync="TRUE">20</attwidth><atprecis Sync="TRUE">19</atprecis><attscale Sync="TRUE">5</attscale></attr><attr><attrlabl Sync="TRUE">MPOP22_24</attrlabl><attalias Sync="TRUE">MPOP22_24</attalias><attrtype Sync="TRUE">Double</attrtype><attwidth Sync="TRUE">20</attwidth><atprecis Sync="TRUE">19</atprecis><attscale Sync="TRUE">5</attscale></attr><attr><attrlabl Sync="TRUE">MPOP25_29</attrlabl><attalias Sync="TRUE">MPOP25_29</attalias><attrtype Sync="TRUE">Double</attrtype><attwidth Sync="TRUE">20</attwidth><atprecis Sync="TRUE">19</atprecis><attscale Sync="TRUE">5</attscale></attr><attr><attrlabl Sync="TRUE">MPOP30_34</attrlabl><attalias Sync="TRUE">MPOP30_34</attalias><attrtype Sync="TRUE">Double</attrtype><attwidth Sync="TRUE">20</attwidth><atprecis Sync="TRUE">19</atprecis><attscale Sync="TRUE">5</attscale></attr><attr><attrlabl Sync="TRUE">MPOP35_39</attrlabl><attalias Sync="TRUE">MPOP35_39</attalias><attrtype Sync="TRUE">Double</attrtype><attwidth Sync="TRUE">20</attwidth><atprecis Sync="TRUE">19</atprecis><attscale Sync="TRUE">5</attscale></attr><attr><attrlabl Sync="TRUE">MPOP40_44</attrlabl><attalias Sync="TRUE">MPOP40_44</attalias><attrtype Sync="TRUE">Double</attrtype><attwidth Sync="TRUE">20</attwidth><atprecis Sync="TRUE">19</atprecis><attscale Sync="TRUE">5</attscale></attr><attr><attrlabl Sync="TRUE">MPOP45_49</attrlabl><attalias Sync="TRUE">MPOP45_49</attalias><attrtype Sync="TRUE">Double</attrtype><attwidth Sync="TRUE">20</attwidth><atprecis Sync="TRUE">19</atprecis><attscale Sync="TRUE">5</attscale></attr><attr><attrlabl Sync="TRUE">MPOP50_54</attrlabl><attalias Sync="TRUE">MPOP50_54</attalias><attrtype Sync="TRUE">Double</attrtype><attwidth Sync="TRUE">20</attwidth><atprecis Sync="TRUE">19</atprecis><attscale Sync="TRUE">5</attscale></attr><attr><attrlabl Sync="TRUE">MPOP55_59</attrlabl><attalias Sync="TRUE">MPOP55_59</attalias><attrtype Sync="TRUE">Double</attrtype><attwidth Sync="TRUE">20</attwidth><atprecis Sync="TRUE">19</atprecis><attscale Sync="TRUE">5</attscale></attr><attr><attrlabl Sync="TRUE">MPOP60_61</attrlabl><attalias Sync="TRUE">MPOP60_61</attalias><attrtype Sync="TRUE">Double</attrtype><attwidth Sync="TRUE">20</attwidth><atprecis Sync="TRUE">19</atprecis><attscale Sync="TRUE">5</attscale></attr><attr><attrlabl Sync="TRUE">MPOP62_64</attrlabl><attalias Sync="TRUE">MPOP62_64</attalias><attrtype Sync="TRUE">Double</attrtype><attwidth Sync="TRUE">20</attwidth><atprecis Sync="TRUE">19</atprecis><attscale Sync="TRUE">5</attscale></attr><attr><attrlabl Sync="TRUE">MPOP65_66</attrlabl><attalias Sync="TRUE">MPOP65_66</attalias><attrtype Sync="TRUE">Double</attrtype><attwidth Sync="TRUE">20</attwidth><atprecis Sync="TRUE">19</atprecis><attscale Sync="TRUE">5</attscale></attr><attr><attrlabl Sync="TRUE">MPOP67_69</attrlabl><attalias Sync="TRUE">MPOP67_69</attalias><attrtype Sync="TRUE">Double</attrtype><attwidth Sync="TRUE">20</attwidth><atprecis Sync="TRUE">19</atprecis><attscale Sync="TRUE">5</attscale></attr><attr><attrlabl Sync="TRUE">MPOP70_74</attrlabl><attalias Sync="TRUE">MPOP70_74</attalias><attrtype Sync="TRUE">Double</attrtype><attwidth Sync="TRUE">20</attwidth><atprecis Sync="TRUE">19</atprecis><attscale Sync="TRUE">5</attscale></attr><attr><attrlabl Sync="TRUE">MPOP75_79</attrlabl><attalias Sync="TRUE">MPOP75_79</attalias><attrtype Sync="TRUE">Double</attrtype><attwidth Sync="TRUE">20</attwidth><atprecis Sync="TRUE">19</atprecis><attscale Sync="TRUE">5</attscale></attr><attr><attrlabl Sync="TRUE">MPOP80_84</attrlabl><attalias Sync="TRUE">MPOP80_84</attalias><attrtype Sync="TRUE">Double</attrtype><attwidth Sync="TRUE">20</attwidth><atprecis Sync="TRUE">19</atprecis><attscale Sync="TRUE">5</attscale></attr><attr><attrlabl Sync="TRUE">MPOP_GT85</attrlabl><attalias Sync="TRUE">MPOP_GT85</attalias><attrtype Sync="TRUE">Double</attrtype><attwidth Sync="TRUE">20</attwidth><atprecis Sync="TRUE">19</atprecis><attscale Sync="TRUE">5</attscale></attr><attr><attrlabl Sync="TRUE">FPOP_LT1</attrlabl><attalias Sync="TRUE">FPOP_LT1</attalias><attrtype Sync="TRUE">Double</attrtype><attwidth Sync="TRUE">20</attwidth><atprecis Sync="TRUE">19</atprecis><attscale Sync="TRUE">5</attscale></attr><attr><attrlabl Sync="TRUE">FPOP_1</attrlabl><attalias Sync="TRUE">FPOP_1</attalias><attrtype Sync="TRUE">Double</attrtype><attwidth Sync="TRUE">20</attwidth><atprecis Sync="TRUE">19</atprecis><attscale Sync="TRUE">5</attscale></attr><attr><attrlabl Sync="TRUE">FPOP_2</attrlabl><attalias Sync="TRUE">FPOP_2</attalias><attrtype Sync="TRUE">Double</attrtype><attwidth Sync="TRUE">20</attwidth><atprecis Sync="TRUE">19</atprecis><attscale Sync="TRUE">5</attscale></attr><attr><attrlabl Sync="TRUE">FPOP_3</attrlabl><attalias Sync="TRUE">FPOP_3</attalias><attrtype Sync="TRUE">Double</attrtype><attwidth Sync="TRUE">20</attwidth><atprecis Sync="TRUE">19</atprecis><attscale Sync="TRUE">5</attscale></attr><attr><attrlabl Sync="TRUE">FPOP_4</attrlabl><attalias Sync="TRUE">FPOP_4</attalias><attrtype Sync="TRUE">Double</attrtype><attwidth Sync="TRUE">20</attwidth><atprecis Sync="TRUE">19</atprecis><attscale Sync="TRUE">5</attscale></attr><attr><attrlabl Sync="TRUE">FPOP_5</attrlabl><attalias Sync="TRUE">FPOP_5</attalias><attrtype Sync="TRUE">Double</attrtype><attwidth Sync="TRUE">20</attwidth><atprecis Sync="TRUE">19</atprecis><attscale Sync="TRUE">5</attscale></attr><attr><attrlabl Sync="TRUE">FPOP_6</attrlabl><attalias Sync="TRUE">FPOP_6</attalias><attrtype Sync="TRUE">Double</attrtype><attwidth Sync="TRUE">20</attwidth><atprecis Sync="TRUE">19</atprecis><attscale Sync="TRUE">5</attscale></attr><attr><attrlabl Sync="TRUE">FPOP_7</attrlabl><attalias Sync="TRUE">FPOP_7</attalias><attrtype Sync="TRUE">Double</attrtype><attwidth Sync="TRUE">20</attwidth><atprecis Sync="TRUE">19</atprecis><attscale Sync="TRUE">5</attscale></attr><attr><attrlabl Sync="TRUE">FPOP_8</attrlabl><attalias Sync="TRUE">FPOP_8</attalias><attrtype Sync="TRUE">Double</attrtype><attwidth Sync="TRUE">20</attwidth><atprecis Sync="TRUE">19</atprecis><attscale Sync="TRUE">5</attscale></attr><attr><attrlabl Sync="TRUE">FPOP_9</attrlabl><attalias Sync="TRUE">FPOP_9</attalias><attrtype Sync="TRUE">Double</attrtype><attwidth Sync="TRUE">20</attwidth><atprecis Sync="TRUE">19</atprecis><attscale Sync="TRUE">5</attscale></attr><attr><attrlabl Sync="TRUE">FPOP_10</attrlabl><attalias Sync="TRUE">FPOP_10</attalias><attrtype Sync="TRUE">Double</attrtype><attwidth Sync="TRUE">20</attwidth><atprecis Sync="TRUE">19</atprecis><attscale Sync="TRUE">5</attscale></attr><attr><attrlabl Sync="TRUE">FPOP_11</attrlabl><attalias Sync="TRUE">FPOP_11</attalias><attrtype Sync="TRUE">Double</attrtype><attwidth Sync="TRUE">20</attwidth><atprecis Sync="TRUE">19</atprecis><attscale Sync="TRUE">5</attscale></attr><attr><attrlabl Sync="TRUE">FPOP_12</attrlabl><attalias Sync="TRUE">FPOP_12</attalias><attrtype Sync="TRUE">Double</attrtype><attwidth Sync="TRUE">20</attwidth><atprecis Sync="TRUE">19</atprecis><attscale Sync="TRUE">5</attscale></attr><attr><attrlabl Sync="TRUE">FPOP_13</attrlabl><attalias Sync="TRUE">FPOP_13</attalias><attrtype Sync="TRUE">Double</attrtype><attwidth Sync="TRUE">20</attwidth><atprecis Sync="TRUE">19</atprecis><attscale Sync="TRUE">5</attscale></attr><attr><attrlabl Sync="TRUE">FPOP_14</attrlabl><attalias Sync="TRUE">FPOP_14</attalias><attrtype Sync="TRUE">Double</attrtype><attwidth Sync="TRUE">20</attwidth><atprecis Sync="TRUE">19</atprecis><attscale Sync="TRUE">5</attscale></attr><attr><attrlabl Sync="TRUE">FPOP_15</attrlabl><attalias Sync="TRUE">FPOP_15</attalias><attrtype Sync="TRUE">Double</attrtype><attwidth Sync="TRUE">20</attwidth><atprecis Sync="TRUE">19</atprecis><attscale Sync="TRUE">5</attscale></attr><attr><attrlabl Sync="TRUE">FPOP_16</attrlabl><attalias Sync="TRUE">FPOP_16</attalias><attrtype Sync="TRUE">Double</attrtype><attwidth Sync="TRUE">20</attwidth><atprecis Sync="TRUE">19</atprecis><attscale Sync="TRUE">5</attscale></attr><attr><attrlabl Sync="TRUE">FPOP_17</attrlabl><attalias Sync="TRUE">FPOP_17</attalias><attrtype Sync="TRUE">Double</attrtype><attwidth Sync="TRUE">20</attwidth><atprecis Sync="TRUE">19</atprecis><attscale Sync="TRUE">5</attscale></attr><attr><attrlabl Sync="TRUE">FPOP_18</attrlabl><attalias Sync="TRUE">FPOP_18</attalias><attrtype Sync="TRUE">Double</attrtype><attwidth Sync="TRUE">20</attwidth><atprecis Sync="TRUE">19</atprecis><attscale Sync="TRUE">5</attscale></attr><attr><attrlabl Sync="TRUE">FPOP_19</attrlabl><attalias Sync="TRUE">FPOP_19</attalias><attrtype Sync="TRUE">Double</attrtype><attwidth Sync="TRUE">20</attwidth><atprecis Sync="TRUE">19</atprecis><attscale Sync="TRUE">5</attscale></attr><attr><attrlabl Sync="TRUE">FPOP_20</attrlabl><attalias Sync="TRUE">FPOP_20</attalias><attrtype Sync="TRUE">Double</attrtype><attwidth Sync="TRUE">20</attwidth><atprecis Sync="TRUE">19</atprecis><attscale Sync="TRUE">5</attscale></attr><attr><attrlabl Sync="TRUE">FPOP_21</attrlabl><attalias Sync="TRUE">FPOP_21</attalias><attrtype Sync="TRUE">Double</attrtype><attwidth Sync="TRUE">20</attwidth><atprecis Sync="TRUE">19</atprecis><attscale Sync="TRUE">5</attscale></attr><attr><attrlabl Sync="TRUE">FPOP22_24</attrlabl><attalias Sync="TRUE">FPOP22_24</attalias><attrtype Sync="TRUE">Double</attrtype><attwidth Sync="TRUE">20</attwidth><atprecis Sync="TRUE">19</atprecis><attscale Sync="TRUE">5</attscale></attr><attr><attrlabl Sync="TRUE">FPOP25_29</attrlabl><attalias Sync="TRUE">FPOP25_29</attalias><attrtype Sync="TRUE">Double</attrtype><attwidth Sync="TRUE">20</attwidth><atprecis Sync="TRUE">19</atprecis><attscale Sync="TRUE">5</attscale></attr><attr><attrlabl Sync="TRUE">FPOP30_34</attrlabl><attalias Sync="TRUE">FPOP30_34</attalias><attrtype Sync="TRUE">Double</attrtype><attwidth Sync="TRUE">20</attwidth><atprecis Sync="TRUE">19</atprecis><attscale Sync="TRUE">5</attscale></attr><attr><attrlabl Sync="TRUE">FPOP35_39</attrlabl><attalias Sync="TRUE">FPOP35_39</attalias><attrtype Sync="TRUE">Double</attrtype><attwidth Sync="TRUE">20</attwidth><atprecis Sync="TRUE">19</atprecis><attscale Sync="TRUE">5</attscale></attr><attr><attrlabl Sync="TRUE">FPOP40_44</attrlabl><attalias Sync="TRUE">FPOP40_44</attalias><attrtype Sync="TRUE">Double</attrtype><attwidth Sync="TRUE">20</attwidth><atprecis Sync="TRUE">19</atprecis><attscale Sync="TRUE">5</attscale></attr><attr><attrlabl Sync="TRUE">FPOP45_49</attrlabl><attalias Sync="TRUE">FPOP45_49</attalias><attrtype Sync="TRUE">Double</attrtype><attwidth Sync="TRUE">20</attwidth><atprecis Sync="TRUE">19</atprecis><attscale Sync="TRUE">5</attscale></attr><attr><attrlabl Sync="TRUE">FPOP50_54</attrlabl><attalias Sync="TRUE">FPOP50_54</attalias><attrtype Sync="TRUE">Double</attrtype><attwidth Sync="TRUE">20</attwidth><atprecis Sync="TRUE">19</atprecis><attscale Sync="TRUE">5</attscale></attr><attr><attrlabl Sync="TRUE">FPOP55_59</attrlabl><attalias Sync="TRUE">FPOP55_59</attalias><attrtype Sync="TRUE">Double</attrtype><attwidth Sync="TRUE">20</attwidth><atprecis Sync="TRUE">19</atprecis><attscale Sync="TRUE">5</attscale></attr><attr><attrlabl Sync="TRUE">FPOP60_61</attrlabl><attalias Sync="TRUE">FPOP60_61</attalias><attrtype Sync="TRUE">Double</attrtype><attwidth Sync="TRUE">20</attwidth><atprecis Sync="TRUE">19</atprecis><attscale Sync="TRUE">5</attscale></attr><attr><attrlabl Sync="TRUE">FPOP62_64</attrlabl><attalias Sync="TRUE">FPOP62_64</attalias><attrtype Sync="TRUE">Double</attrtype><attwidth Sync="TRUE">20</attwidth><atprecis Sync="TRUE">19</atprecis><attscale Sync="TRUE">5</attscale></attr><attr><attrlabl Sync="TRUE">FPOP65_66</attrlabl><attalias Sync="TRUE">FPOP65_66</attalias><attrtype Sync="TRUE">Double</attrtype><attwidth Sync="TRUE">20</attwidth><atprecis Sync="TRUE">19</atprecis><attscale Sync="TRUE">5</attscale></attr><attr><attrlabl Sync="TRUE">FPOP67_69</attrlabl><attalias Sync="TRUE">FPOP67_69</attalias><attrtype Sync="TRUE">Double</attrtype><attwidth Sync="TRUE">20</attwidth><atprecis Sync="TRUE">19</atprecis><attscale Sync="TRUE">5</attscale></attr><attr><attrlabl Sync="TRUE">FPOP70_74</attrlabl><attalias Sync="TRUE">FPOP70_74</attalias><attrtype Sync="TRUE">Double</attrtype><attwidth Sync="TRUE">20</attwidth><atprecis Sync="TRUE">19</atprecis><attscale Sync="TRUE">5</attscale></attr><attr><attrlabl Sync="TRUE">FPOP75_79</attrlabl><attalias Sync="TRUE">FPOP75_79</attalias><attrtype Sync="TRUE">Double</attrtype><attwidth Sync="TRUE">20</attwidth><atprecis Sync="TRUE">19</atprecis><attscale Sync="TRUE">5</attscale></attr><attr><attrlabl Sync="TRUE">FPOP80_84</attrlabl><attalias Sync="TRUE">FPOP80_84</attalias><attrtype Sync="TRUE">Double</attrtype><attwidth Sync="TRUE">20</attwidth><atprecis Sync="TRUE">19</atprecis><attscale Sync="TRUE">5</attscale></attr><attr><attrlabl Sync="TRUE">FPOP_GT85</attrlabl><attalias Sync="TRUE">FPOP_GT85</attalias><attrtype Sync="TRUE">Double</attrtype><attwidth Sync="TRUE">20</attwidth><atprecis Sync="TRUE">19</atprecis><attscale Sync="TRUE">5</attscale></attr></detailed></eainfo><mdDateSt Sync="TRUE">20120822</mdDateSt><mdConst xmlns=""><Consts xmlns=""><useLimit>None</useLimit></Consts><Consts xmlns=""><useLimit>Fields are renamed by MassGIS and represent a subset of the full Census 2010 SF1 data. Use with Census 2010 Tract geography. If using with MassGIS Data, the LOGRECNO in this table joins to the LOGSF1 field in the CENSUS2010TRACTS_POLY feature class.</useLimit></Consts></mdConst><idinfo><citation><citeinfo><title>Census 2010 Sumarry File 1 (SF1) Table - Population by Age and Gender (Tracts)</title></citeinfo></citation><ptcontac><cntinfo><cntperp><cntper>Daniel Marrier</cntper><cntorg>MassGIS</cntorg></cntperp><cntaddr><addrtype>mailing and physical address</addrtype><address>One Ashburton Place, Room 1601</address><city>Boston</city><state>MA</state><postal>02108</postal><country>USA</country></cntaddr><cntvoice>(617) 626-4537</cntvoice><cntemail>daniel.marrier@state.ma.us</cntemail></cntinfo></ptcontac><descript><purpose>Analysis</purpose><abstract>Fields are renamed by MassGIS and represent a subset of the full Census 2010 SF1 data. Use with Census 2010 Tract geography. If using with MassGIS Data, the LOGRECNO in this table joins to the LOGSF1 field in the CENSUS2010TRACTS_POLY feature class.</abstract></descript><accconst>None</accconst><useconst>None.</useconst><status><progress>Complete</progress><update>None planned</update></status><datacred>U.S. Census Bureau, MassGIS</datacred></idinfo><metainfo><metextns><onlink>http://www.mass.gov/mgis/census2010.htm</onlink><metprof>MassGIS Web documentation</metprof></metextns></metainfo><dataqual><lineage><procstep><procdesc>NOTE: This table was re-posted on the MassGIS web site on 8/22/2012 to correct the values in the fields “POP_TOTAL”, “POP_MALE”, and “POP_FEM”. Originally, these fields contained the counts for only those under the age of 20 instead of the true total population counts.</procdesc><procdate>8/22/2012</procdate></procstep></lineage></dataqual></metadata>
